<?xml version="1.0" encoding="utf-8" ?>
<dwsync>
<file name="bootstrap.bundle.js" server="E:/Web_Work/2017/XAMPP/htdocs/" local="131528721120000000" remote="131528721120000000" Dst="1" />
<file name="bootstrap.bundle.js.map" server="E:/Web_Work/2017/XAMPP/htdocs/" local="131528721120000000" remote="131528721120000000" Dst="1" />
<file name="bootstrap.bundle.min.js" server="E:/Web_Work/2017/XAMPP/htdocs/" local="131528721260000000" remote="131528721260000000" Dst="1" />
<file name="bootstrap.bundle.min.js.map" server="E:/Web_Work/2017/XAMPP/htdocs/" local="131528721260000000" remote="131528721260000000" Dst="1" />
<file name="bootstrap.js" server="E:/Web_Work/2017/XAMPP/htdocs/" local="131528721100000000" remote="131528721100000000" Dst="1" />
<file name="bootstrap.js.map" server="E:/Web_Work/2017/XAMPP/htdocs/" local="131528721100000000" remote="131528721100000000" Dst="1" />
<file name="bootstrap.min.js" server="E:/Web_Work/2017/XAMPP/htdocs/" local="131528721240000000" remote="131528721240000000" Dst="1" />
<file name="bootstrap.min.js.map" server="E:/Web_Work/2017/XAMPP/htdocs/" local="131528721240000000" remote="131528721240000000" Dst="1" />
<file name="bootstrap.bundle.js" server="E:/Web_Work/2017/XAMPP/htdocs/firma/" local="131528721120000000" remote="131528721120000000" Dst="1" />
<file name="bootstrap.bundle.js.map" server="E:/Web_Work/2017/XAMPP/htdocs/firma/" local="131528721120000000" remote="131528721120000000" Dst="1" />
<file name="bootstrap.bundle.min.js" server="E:/Web_Work/2017/XAMPP/htdocs/firma/" local="131528721260000000" remote="131528721260000000" Dst="1" />
<file name="bootstrap.bundle.min.js.map" server="E:/Web_Work/2017/XAMPP/htdocs/firma/" local="131528721260000000" remote="131528721260000000" Dst="1" />
<file name="bootstrap.js" server="E:/Web_Work/2017/XAMPP/htdocs/firma/" local="131528721100000000" remote="131528721100000000" Dst="1" />
<file name="bootstrap.js.map" server="E:/Web_Work/2017/XAMPP/htdocs/firma/" local="131528721100000000" remote="131528721100000000" Dst="1" />
<file name="bootstrap.min.js" server="E:/Web_Work/2017/XAMPP/htdocs/firma/" local="131528721240000000" remote="131528721240000000" Dst="1" />
<file name="bootstrap.min.js.map" server="E:/Web_Work/2017/XAMPP/htdocs/firma/" local="131528721240000000" remote="131528721240000000" Dst="1" />
<file name="jqslowscroll.js" server="E:/Web_Work/2017/XAMPP/htdocs/firma/" local="131579920330000000" remote="131579920330000000" Dst="1" />
<file name="bootstrap.bundle.js" server="E:/Web_Work/2017/XAMPP/" local="131528721120000000" remote="131528721120000000" Dst="1" />
<file name="bootstrap.bundle.js.map" server="E:/Web_Work/2017/XAMPP/" local="131528721120000000" remote="131528721120000000" Dst="1" />
<file name="bootstrap.bundle.min.js" server="E:/Web_Work/2017/XAMPP/" local="131528721260000000" remote="131528721260000000" Dst="1" />
<file name="bootstrap.bundle.min.js.map" server="E:/Web_Work/2017/XAMPP/" local="131528721260000000" remote="131528721260000000" Dst="1" />
<file name="bootstrap.js" server="E:/Web_Work/2017/XAMPP/" local="131528721100000000" remote="131528721100000000" Dst="1" />
<file name="bootstrap.js.map" server="E:/Web_Work/2017/XAMPP/" local="131528721100000000" remote="131528721100000000" Dst="1" />
<file name="bootstrap.min.js" server="E:/Web_Work/2017/XAMPP/" local="131528721240000000" remote="131528721240000000" Dst="1" />
<file name="bootstrap.min.js.map" server="E:/Web_Work/2017/XAMPP/" local="131528721240000000" remote="131528721240000000" Dst="1" />
<file name="jqslowscroll.js" server="E:/Web_Work/2017/XAMPP/" local="131579920330000000" remote="131579920330000000" Dst="1" />
</dwsync>