<?xml version="1.0" encoding="utf-8" ?>
<dwsync>
<file name="bootstrap-grid.css" server="E:/Web_Work/2017/XAMPP/htdocs/" local="131528720940000000" remote="131528720940000000" Dst="1" />
<file name="bootstrap-grid.css.map" server="E:/Web_Work/2017/XAMPP/htdocs/" local="131528720940000000" remote="131528720940000000" Dst="1" />
<file name="bootstrap-grid.min.css" server="E:/Web_Work/2017/XAMPP/htdocs/" local="131528721020000000" remote="131528721020000000" Dst="1" />
<file name="bootstrap-grid.min.css.map" server="E:/Web_Work/2017/XAMPP/htdocs/" local="131528721020000000" remote="131528721020000000" Dst="1" />
<file name="bootstrap-reboot.css" server="E:/Web_Work/2017/XAMPP/htdocs/" local="131528720940000000" remote="131528720940000000" Dst="1" />
<file name="bootstrap-reboot.css.map" server="E:/Web_Work/2017/XAMPP/htdocs/" local="131528720940000000" remote="131528720940000000" Dst="1" />
<file name="bootstrap-reboot.min.css" server="E:/Web_Work/2017/XAMPP/htdocs/" local="131528721040000000" remote="131528721040000000" Dst="1" />
<file name="bootstrap-reboot.min.css.map" server="E:/Web_Work/2017/XAMPP/htdocs/" local="131528721040000000" remote="131528721040000000" Dst="1" />
<file name="bootstrap.css" server="E:/Web_Work/2017/XAMPP/htdocs/" local="131528720940000000" remote="131528720940000000" Dst="1" />
<file name="bootstrap.css.map" server="E:/Web_Work/2017/XAMPP/htdocs/" local="131528720940000000" remote="131528720940000000" Dst="1" />
<file name="bootstrap.min.css" server="E:/Web_Work/2017/XAMPP/htdocs/" local="131528721000000000" remote="131528721000000000" Dst="1" />
<file name="bootstrap.min.css.map" server="E:/Web_Work/2017/XAMPP/htdocs/" local="131528721000000000" remote="131528721000000000" Dst="1" />
<file name="bootstrap-grid.css" server="E:/Web_Work/2017/XAMPP/htdocs/firma/" local="131528720940000000" remote="131528720940000000" Dst="1" />
<file name="bootstrap-grid.css.map" server="E:/Web_Work/2017/XAMPP/htdocs/firma/" local="131528720940000000" remote="131528720940000000" Dst="1" />
<file name="bootstrap-grid.min.css" server="E:/Web_Work/2017/XAMPP/htdocs/firma/" local="131528721020000000" remote="131528721020000000" Dst="1" />
<file name="bootstrap-grid.min.css.map" server="E:/Web_Work/2017/XAMPP/htdocs/firma/" local="131528721020000000" remote="131528721020000000" Dst="1" />
<file name="bootstrap-reboot.css" server="E:/Web_Work/2017/XAMPP/htdocs/firma/" local="131528720940000000" remote="131528720940000000" Dst="1" />
<file name="bootstrap-reboot.css.map" server="E:/Web_Work/2017/XAMPP/htdocs/firma/" local="131528720940000000" remote="131528720940000000" Dst="1" />
<file name="bootstrap-reboot.min.css" server="E:/Web_Work/2017/XAMPP/htdocs/firma/" local="131528721040000000" remote="131528721040000000" Dst="1" />
<file name="bootstrap-reboot.min.css.map" server="E:/Web_Work/2017/XAMPP/htdocs/firma/" local="131528721040000000" remote="131528721040000000" Dst="1" />
<file name="bootstrap.css" server="E:/Web_Work/2017/XAMPP/htdocs/firma/" local="131528720940000000" remote="131528720940000000" Dst="1" />
<file name="bootstrap.css.map" server="E:/Web_Work/2017/XAMPP/htdocs/firma/" local="131528720940000000" remote="131528720940000000" Dst="1" />
<file name="bootstrap.min.css" server="E:/Web_Work/2017/XAMPP/htdocs/firma/" local="131579874130000000" remote="131579874130000000" Dst="1" />
<file name="bootstrap.min.css.map" server="E:/Web_Work/2017/XAMPP/htdocs/firma/" local="131528721000000000" remote="131528721000000000" Dst="1" />
<file name="bootstrap-grid.css" server="E:/Web_Work/2017/XAMPP/" local="131528720940000000" remote="131528720940000000" Dst="1" />
<file name="bootstrap-grid.css.map" server="E:/Web_Work/2017/XAMPP/" local="131528720940000000" remote="131528720940000000" Dst="1" />
<file name="bootstrap-grid.min.css" server="E:/Web_Work/2017/XAMPP/" local="131528721020000000" remote="131528721020000000" Dst="1" />
<file name="bootstrap-grid.min.css.map" server="E:/Web_Work/2017/XAMPP/" local="131528721020000000" remote="131528721020000000" Dst="1" />
<file name="bootstrap-reboot.css" server="E:/Web_Work/2017/XAMPP/" local="131528720940000000" remote="131528720940000000" Dst="1" />
<file name="bootstrap-reboot.css.map" server="E:/Web_Work/2017/XAMPP/" local="131528720940000000" remote="131528720940000000" Dst="1" />
<file name="bootstrap-reboot.min.css" server="E:/Web_Work/2017/XAMPP/" local="131528721040000000" remote="131528721040000000" Dst="1" />
<file name="bootstrap-reboot.min.css.map" server="E:/Web_Work/2017/XAMPP/" local="131528721040000000" remote="131528721040000000" Dst="1" />
<file name="bootstrap.css" server="E:/Web_Work/2017/XAMPP/" local="131528720940000000" remote="131528720940000000" Dst="1" />
<file name="bootstrap.css.map" server="E:/Web_Work/2017/XAMPP/" local="131528720940000000" remote="131528720940000000" Dst="1" />
<file name="bootstrap.min.css" server="E:/Web_Work/2017/XAMPP/" local="131579874130000000" remote="131579874130000000" Dst="1" />
<file name="bootstrap.min.css.map" server="E:/Web_Work/2017/XAMPP/" local="131528721000000000" remote="131528721000000000" Dst="1" />
<file name="plakatslant.scss" server="E:/Web_Work/2017/XAMPP/htdocs/firma/" local="131582642095312338" remote="131582642090000000" Dst="1" />
<file name="plakatslant.css" server="E:/Web_Work/2017/XAMPP/htdocs/firma/" local="131582642100827592" remote="131582642100000000" Dst="1" />
</dwsync>